BlockDate,LocationId,GameId,TicketsPlayed
2018-11-05,5,76,268
2018-11-08,5,17,427
2018-11-09,5,61,182
2018-11-18,5,4,1063
2018-11-19,5,47,190
2018-11-28,5,61,216
2018-11-14,20,31,73
2018-11-25,20,61,37
2018-11-04,5,9,77
2018-11-09,5,13,455
2018-11-13,5,69,980
2018-11-23,5,55,226
2018-11-05,20,65,124
2018-11-10,20,69,100
2018-11-23,20,67,33
2018-11-29,20,69,66
2018-11-10,5,59,1107
2018-11-13,5,21,617
2018-11-25,5,74,2480
2018-11-11,20,43,28
2018-11-01,5,68,1020
2018-11-04,5,55,65
2018-11-14,5,67,708
2018-11-23,5,9,130
2018-11-26,5,43,162
2018-11-10,20,23,324
2018-11-23,20,21,248
2018-11-24,20,65,101
2018-11-27,20,27,26
2018-11-02,5,43,149
2018-11-06,5,27,208
2018-11-06,5,21,241
2018-11-07,5,65,1854
2018-11-12,5,23,392
2018-11-30,5,51,141
2018-11-03,20,21,560
2018-11-21,20,55,77
2018-11-03,5,63,367
2018-11-06,5,4,146
2018-11-15,5,59,965
2018-11-25,5,51,95
2018-11-17,20,47,145
2018-11-27,20,73,869
2018-11-06,5,73,601
2018-11-08,5,63,108
2018-11-27,5,69,156
2018-11-29,5,59,551
2018-11-13,20,39,69
2018-11-03,5,17,400
2018-11-04,5,61,124
2018-11-10,5,5,587
2018-11-16,20,74,1527
2018-11-18,20,39,405
2018-11-21,20,1,67
2018-11-24,20,59,28
2018-11-08,5,23,395
2018-11-09,5,67,734
2018-11-27,5,23,314
2018-11-28,5,67,365
2018-11-15,20,69,30
2018-11-25,20,55,25
2018-11-05,5,47,135
2018-11-29,5,76,459
2018-11-04,20,27,57
2018-11-23,20,73,136
2018-11-28,5,21,540
2018-11-29,5,65,4429
2018-11-25,20,9,15
2018-11-17,5,75,666
2018-11-18,5,21,276
2018-11-22,5,51,312
2018-11-30,5,74,3015
2018-11-06,20,68,545
2018-11-17,20,1,104
2018-11-14,5,4,115
2018-11-30,5,63,425
2018-11-12,20,35,6
2018-11-13,20,73,37
2018-11-17,5,35,996
2018-11-18,5,73,303
2018-11-24,5,1,580
2018-11-03,20,75,1012
2018-11-25,20,69,426
2018-11-09,5,21,565
2018-11-10,5,65,2083
2018-11-16,5,39,306
2018-11-30,5,17,338
2018-11-15,20,17,7
2018-11-20,5,68,581
2018-11-24,5,47,635
2018-11-04,20,73,745
2018-11-18,20,51,91
2018-11-23,20,27,30
2018-11-09,5,73,1131
2018-11-28,5,73,294
2018-11-24,20,5,11
2018-11-09,5,1,1378
2018-11-23,5,43,87
2018-11-26,5,9,5
2018-11-02,5,74,2528
2018-11-04,5,69,113
2018-11-13,5,9,486
2018-11-27,5,75,590
2018-11-03,20,61,72
2018-11-05,20,51,38
2018-11-14,20,68,187
2018-11-13,5,35,256
2018-11-15,5,74,4058
2018-11-28,5,47,43
2018-11-03,20,35,280
2018-11-05,20,74,203
2018-11-12,5,17,323
2018-11-20,5,5,148
2018-11-22,5,68,355
2018-11-22,5,74,806
2018-11-01,20,23,57
2018-11-04,20,59,505
2018-11-18,5,61,22
2018-11-18,5,67,938
2018-11-08,20,61,7
2018-11-25,20,75,157
2018-11-30,20,9,30
2018-11-01,5,51,610
2018-11-15,5,5,327
2018-11-19,5,13,97
2018-11-02,20,21,226
2018-11-23,20,13,23
2018-11-28,20,39,137
2018-11-15,5,31,53
2018-11-17,5,69,1240
2018-11-05,20,31,7
2018-11-12,20,21,150
2018-11-26,20,73,93
2018-11-14,5,13,45
2018-11-19,20,65,13
2018-11-02,5,23,657
2018-11-12,5,31,92
2018-11-12,5,43,86
2018-11-16,5,65,1512
2018-11-29,5,39,325
2018-11-04,20,39,484
2018-11-10,20,63,512
2018-11-11,20,23,266
2018-11-28,20,31,91
2018-11-28,20,68,141
2018-11-18,5,47,814
2018-11-18,20,68,234
2018-11-20,20,63,180
2018-11-02,20,1,154
2018-11-09,20,65,548
2018-11-16,20,43,58
2018-11-29,20,17,51
2018-11-02,5,31,221
2018-11-05,5,73,63
2018-11-05,5,67,2
2018-11-23,5,23,162
2018-11-01,20,17,117
2018-11-04,20,47,108
2018-11-17,20,76,430
2018-11-21,20,61,91
2018-11-07,5,5,65
2018-11-14,5,27,102
2018-11-14,5,76,678
2018-11-27,5,55,254
2018-11-30,20,21,254
2018-11-01,5,39,135
2018-11-04,5,75,231
2018-11-19,5,1,1019
2018-11-22,5,31,13
2018-11-24,5,21,717
2018-11-25,5,68,607
2018-11-03,20,55,108
2018-11-08,20,75,162
2018-11-18,20,74,2160
2018-11-20,20,69,2
2018-11-23,20,1,102
2018-11-11,5,39,270
2018-11-15,5,68,919
2018-11-25,5,17,270
2018-11-28,5,4,104
2018-11-30,5,43,189
2018-11-29,20,23,54
2018-11-07,5,68,1179
2018-11-15,5,39,103
2018-11-17,5,55,226
2018-11-26,5,69,3
2018-11-16,20,23,391
2018-11-17,20,67,20
2018-11-02,5,17,208
2018-11-06,5,47,1061
2018-11-11,5,5,190
2018-11-12,5,74,2384
2018-11-16,5,59,1657
2018-11-21,5,17,51
2018-11-03,20,1,280
2018-11-06,20,59,229
2018-11-09,20,74,1546
2018-11-11,20,17,152
2018-11-28,20,74,1406
2018-11-05,5,27,34
2018-11-24,5,27,180
2018-11-09,20,51,231
2018-11-02,5,63,157
2018-11-24,5,4,208
2018-11-02,20,75,887
2018-11-13,20,59,35
2018-11-25,20,35,60
2018-11-04,5,35,289
2018-11-23,5,35,1084
2018-11-09,20,5,444
2018-11-08,5,43,340
2018-11-26,5,23,81
2018-11-18,20,65,319
2018-11-06,5,1,1536
2018-11-11,5,51,54
2018-11-30,5,31,870
2018-11-21,20,75,180
2018-11-11,5,59,397
2018-11-14,5,1,805
2018-11-16,5,76,560
2018-11-25,5,31,228
2018-11-26,5,75,230
2018-11-27,5,35,201
2018-11-13,20,76,126
2018-11-16,20,17,133
2018-11-30,20,1,157
2018-11-21,5,23,305
2018-11-02,20,35,150
2018-11-06,20,65,147
2018-11-15,20,9,12
2018-11-21,20,35,105
2018-11-30,5,23,422
2018-11-06,20,5,72
2018-11-18,20,59,59
2018-11-30,20,35,158
2018-11-07,5,39,234
2018-11-07,5,76,283
2018-11-19,5,67,326
2018-11-07,20,63,14
2018-11-08,20,9,13
2018-11-17,20,13,48
2018-11-11,5,68,935
2018-11-13,5,55,128
2018-11-10,20,43,146
2018-11-28,20,5,10
2018-11-29,20,43,15
2018-11-01,5,65,2500
2018-11-01,5,59,898
2018-11-08,5,31,250
2018-11-08,5,74,2383
2018-11-19,5,27,119
2018-11-19,5,21,887
2018-11-20,5,65,390
2018-11-04,20,76,475
2018-11-08,20,55,53
2018-11-17,20,4,5
2018-11-24,20,68,170
2018-11-10,5,68,2284
2018-11-14,5,47,2130
2018-11-28,5,27,55
2018-11-08,20,1,12
2018-11-14,20,74,1054
2018-11-16,20,63,222
2018-11-28,20,51,42
2018-11-19,5,73,472
2018-11-21,5,63,105
2018-11-05,20,68,23
2018-11-20,20,43,11
2018-11-23,20,76,255
2018-11-11,5,65,665
2018-11-15,5,51,289
2018-11-05,20,5,24
2018-11-15,20,63,49
2018-11-04,5,21,570
2018-11-28,5,1,922
2018-11-26,20,21,83
2018-11-09,5,27,139
2018-11-12,5,63,220
2018-11-23,5,69,195
2018-11-29,5,68,518
2018-11-01,20,69,117
2018-11-09,20,39,90
2018-11-12,20,75,43
2018-11-14,20,65,96
2018-11-03,5,23,502
2018-11-09,5,4,40
2018-11-16,5,68,1128
2018-11-01,20,43,41
2018-11-28,20,59,58
2018-11-01,5,5,265
2018-11-13,5,61,377
2018-11-21,5,31,15
2018-11-24,5,61,261
2018-11-06,20,51,102
2018-11-13,20,67,9
2018-11-30,20,75,119
2018-11-17,5,23,384
2018-11-20,5,59,549
2018-11-07,20,23,51
2018-11-27,20,67,9
2018-11-03,5,43,337
2018-11-21,5,74,1256
2018-11-23,5,63,445
2018-11-04,20,13,60
2018-11-19,5,61,53
2018-11-21,5,51,614
2018-11-28,20,65,270
2018-11-30,20,55,6
2018-11-16,5,5,97
2018-11-07,20,74,34
2018-11-08,20,35,26
2018-11-17,20,73,140
2018-11-10,5,39,1080
2018-11-13,5,75,1350
2018-11-09,20,31,133
2018-11-09,20,68,2007
2018-11-23,20,61,25
2018-11-26,20,76,254
2018-11-29,20,63,249
2018-11-06,5,67,170
2018-11-19,5,4,159
2018-11-20,5,39,161
2018-11-21,20,9,121
2018-11-21,20,21,251
2018-11-05,5,13,21
2018-11-29,5,5,293
2018-11-06,20,31,64
2018-11-08,20,21,63
2018-11-11,20,69,205
2018-11-30,20,61,402
2018-11-03,5,74,9509
2018-11-07,5,59,573
2018-11-18,5,1,227
2018-11-21,5,43,66
2018-11-24,5,67,241
2018-11-02,20,55,143
2018-11-02,20,61,120
2018-11-06,20,39,80
2018-11-19,20,74,29
2018-11-23,20,47,72
2018-11-15,5,65,2287
2018-11-14,20,51,127
2018-11-06,5,61,1363
2018-11-08,5,51,186
2018-11-17,5,9,163
2018-11-23,5,75,809
2018-11-01,20,63,42
2018-11-09,5,47,986
2018-11-14,5,73,300
2018-11-16,5,13,560
2018-11-27,5,9,41
2018-11-10,20,17,35
2018-11-11,20,63,248
2018-11-05,5,5,289
2018-11-15,5,63,692
2018-11-17,5,31,386
2018-11-18,5,75,1888
2018-11-24,5,76,794
2018-11-09,20,73,1205
2018-11-15,20,4,1
2018-11-15,20,75,38
2018-11-21,20,76,158
2018-11-28,5,13,91
2018-11-20,20,9,85
2018-11-03,5,61,10
2018-11-05,5,51,977
2018-11-11,5,31,167
2018-11-12,5,75,1118
2018-11-14,5,65,1557
2018-11-03,20,73,470
2018-11-05,20,63,61
2018-11-09,20,27,189
2018-11-02,5,39,31
2018-11-05,5,74,680
2018-11-28,5,59,2198
2018-11-09,20,4,175
2018-11-12,20,39,21
2018-11-13,5,67,154
2018-11-01,20,5,253
2018-11-04,20,65,1450
2018-11-23,20,65,186
2018-11-01,5,47,758
2018-11-07,5,17,194
2018-11-25,5,76,624
2018-11-27,5,67,340
2018-11-30,5,9,163
2018-11-02,5,68,689
2018-11-04,5,13,26
2018-11-09,5,9,30
2018-11-12,5,69,370
2018-11-01,20,51,46
2018-11-03,20,67,24
2018-11-01,5,1,2955
2018-11-25,5,5,233
2018-11-26,5,74,746
2018-11-27,5,21,456
2018-11-28,5,65,2357
2018-11-30,5,55,256
2018-11-01,20,74,827
2018-11-18,5,69,167
2018-11-05,20,23,14
2018-11-24,20,23,28
2018-11-10,5,76,881
2018-11-11,5,23,443
2018-11-19,5,76,854
2018-11-23,5,61,139
2018-11-29,5,63,157
2018-11-11,20,35,908
2018-11-15,20,21,154
2018-11-21,20,47,70
2018-11-08,5,69,125
2018-11-18,5,35,295
2018-11-18,20,47,15
2018-11-20,20,1,12
2018-11-10,5,61,793
2018-11-16,5,31,385
2018-11-20,5,74,1268
2018-11-22,5,63,58
2018-11-29,5,17,587
2018-11-16,20,55,46
2018-11-03,5,9,41
2018-11-04,5,47,36
2018-11-10,5,13,345
2018-11-19,5,68,454
2018-11-23,5,47,398
2018-11-28,5,76,950
2018-11-03,20,27,185
2018-11-09,5,69,311
2018-11-25,5,39,58
2018-11-14,20,69,136
2018-11-16,20,9,91
2018-11-25,20,63,40
2018-11-03,5,55,184
2018-11-04,5,1,547
2018-11-07,5,31,34
2018-11-08,5,75,1838
2018-11-22,5,55,17
2018-11-23,5,1,692
2018-11-29,5,74,1507
2018-11-05,20,69,80
2018-11-08,20,4,10
2018-11-10,5,67,747
2018-11-13,5,4,16
2018-11-14,20,23,244
2018-11-25,20,17,20
2018-11-14,5,31,299
2018-11-17,5,43,457
2018-11-25,5,13,86
2018-11-16,20,35,333
2018-11-17,20,55,154
2018-11-26,20,69,115
2018-11-05,5,65,2284
2018-11-11,5,17,531
2018-11-22,5,23,468
2018-11-02,20,17,68
2018-11-11,5,43,47
2018-11-24,5,39,537
2018-11-27,5,4,119
2018-11-04,20,31,137
2018-11-02,5,51,1538
2018-11-04,5,67,144
2018-11-14,5,5,161
2018-11-23,5,21,432
2018-11-26,5,31,213
2018-11-01,20,68,20
2018-11-03,20,59,392
2018-11-12,20,76,161
2018-11-14,20,17,12
2018-11-27,20,39,138
2018-11-01,5,76,1015
2018-11-10,5,1,894
2018-11-03,20,39,55
2018-11-27,20,68,22
2018-11-28,20,17,26
2018-11-01,5,4,165
2018-11-03,5,69,711
2018-11-13,5,13,160
2018-11-24,5,13,132
2018-11-27,5,73,660
2018-11-13,20,68,255
2018-11-30,20,27,48
2018-11-30,20,76,239
2018-11-01,5,27,111
2018-11-16,5,51,131
2018-11-29,20,9,32
2018-11-21,5,75,468
2018-11-07,20,69,6
2018-11-09,20,59,588
2018-11-11,20,1,121
2018-11-29,20,35,17
2018-11-13,5,76,477
2018-11-27,5,47,32
2018-11-09,20,67,1473
2018-11-13,20,5,17
2018-11-26,20,75,58
2018-11-05,5,59,225
2018-11-29,5,51,70
2018-11-04,20,51,127
2018-11-21,20,59,163
2018-11-06,5,5,39
2018-11-15,5,23,475
2018-11-26,5,17,67
2018-11-30,5,35,657
2018-11-20,20,75,218
2018-11-06,5,68,1244
2018-11-08,5,9,195
2018-11-17,5,51,187
2018-11-17,5,63,518
2018-11-19,5,5,277
2018-11-07,20,75,528
2018-11-20,20,61,19
2018-11-12,5,35,188
2018-11-29,5,43,1389
2018-11-11,20,9,114
2018-11-28,20,23,54
2018-11-03,5,75,1562
2018-11-18,5,55,179
2018-11-27,5,61,229
2018-11-08,20,73,398
2018-11-17,20,35,106
2018-11-23,20,5,57
2018-11-13,5,27,50
2018-11-15,5,17,198
2018-11-16,5,63,1435
2018-11-02,20,9,154
2018-11-10,20,65,1187
2018-11-29,20,21,238
2018-11-04,5,73,367
2018-11-06,5,13,18
2018-11-23,5,27,136
2018-11-05,20,43,19
2018-11-18,20,76,219
2018-11-01,5,67,1869
2018-11-04,20,68,786
2018-11-07,20,9,15
2018-11-23,20,68,486
2018-11-21,20,4,86
2018-11-01,5,21,710
2018-11-02,5,65,970
2018-11-14,5,68,458
2018-11-16,20,69,256
2018-11-03,5,35,434
2018-11-13,5,47,785
2018-11-01,20,31,74
2018-11-03,20,47,62
2018-11-11,5,74,2362
2018-11-29,5,31,314
2018-11-30,5,75,1536
2018-11-11,20,21,317
2018-11-20,20,35,33
2018-11-21,20,73,114
2018-11-14,5,39,390
2018-11-18,20,67,15
2018-11-06,5,76,688
2018-11-07,5,43,699
2018-11-28,5,39,53
2018-11-14,20,9,31
2018-11-16,20,75,336
2018-11-17,20,21,25
2018-11-21,20,27,73
2018-11-05,5,31,16
2018-11-09,5,35,261
2018-11-15,20,55,24
2018-11-17,20,69,137
2018-11-23,20,39,53
2018-11-01,5,73,946
2018-11-07,5,74,2943
2018-11-08,5,35,300
2018-11-19,5,65,602
2018-11-04,20,74,1961
2018-11-08,20,47,67
2018-11-17,20,61,309
2018-11-27,20,59,27
2018-11-10,5,27,205
2018-11-12,5,55,95
2018-11-28,5,68,598
2018-11-02,20,23,468
2018-11-10,20,51,213
2018-11-28,20,43,10
2018-11-04,5,4,39
2018-11-17,5,74,4123
2018-11-20,5,63,85
2018-11-06,20,17,48
2018-11-30,20,47,41
2018-11-10,5,73,681
2018-11-21,5,69,847
2018-11-06,5,39,175
2018-11-20,5,23,901
2018-11-20,5,17,1194
2018-11-21,5,61,5
2018-11-30,5,69,125
2018-11-06,20,63,123
2018-11-09,5,75,1930
2018-11-13,5,1,880
2018-11-14,5,51,464
2018-11-13,20,74,1417
2018-11-24,20,74,2646
2018-11-29,20,1,10
2018-11-02,5,59,736
2018-11-23,5,4,58
2018-11-03,20,76,723
2018-11-07,20,55,30
2018-11-17,20,9,120
2018-11-21,20,39,140
2018-11-01,5,13,52
2018-11-11,5,63,92
2018-11-12,5,9,156
2018-11-15,5,43,108
2018-11-29,5,23,648
2018-11-09,20,47,110
2018-11-16,20,61,33
2018-11-19,5,59,682
2018-11-07,20,21,210
2018-11-14,20,43,61
2018-11-18,20,4,61
2018-11-27,20,65,47
2018-11-02,5,5,252
2018-11-06,5,59,632
2018-11-10,5,21,1011
2018-11-12,5,61,266
2018-11-23,5,67,144
2018-11-03,20,13,41
2018-11-09,20,13,180
2018-11-12,20,73,164
2018-11-20,20,21,241
2018-11-05,5,39,395
2018-11-10,5,47,445
2018-11-25,5,59,402
2018-11-11,20,55,87
2018-11-24,20,51,41
2018-11-25,20,74,2134
2018-11-24,5,65,3547
2018-11-27,5,27,292
2018-11-02,20,63,146
2018-11-25,20,23,163
2018-11-03,5,21,1823
2018-11-21,5,55,172
2018-11-02,20,43,194
2018-11-10,20,31,127
2018-11-12,20,47,32
2018-11-23,20,59,559
2018-11-29,20,55,93
2018-11-29,20,61,18
2018-11-17,5,17,283
2018-11-19,5,39,729
2018-11-14,20,63,115
2018-11-14,5,59,355
2018-11-06,20,23,235
2018-11-08,20,13,7
2018-11-28,20,63,155
2018-11-16,5,74,5312
2018-11-20,5,31,162
2018-11-22,5,69,68
2018-11-24,5,59,5507
2018-11-02,20,69,63
2018-11-06,20,74,1991
2018-11-10,20,5,68
2018-11-11,20,75,347
2018-11-13,20,65,12
2018-11-09,5,55,82
2018-11-10,5,4,311
2018-11-15,5,69,552
2018-11-16,5,17,277
2018-11-26,5,51,106
2018-11-26,5,63,10
2018-11-25,20,31,127
2018-11-25,20,43,66
2018-11-04,5,27,48
2018-11-06,5,65,3026
2018-11-21,5,35,34
2018-11-12,20,67,12
2018-11-29,20,75,120
2018-11-20,5,51,45
2018-11-27,5,1,677
2018-11-10,20,74,1218
2018-11-15,20,35,29
2018-11-30,20,59,48
2018-11-07,5,51,218
2018-11-07,5,63,162
2018-11-18,5,9,34
2018-11-22,5,75,841
2018-11-04,20,5,173
2018-11-06,20,43,154
2018-11-17,20,75,177
2018-11-30,20,73,683
2018-11-13,5,73,636
2018-11-24,5,73,397
2018-11-28,5,5,128
2018-11-09,20,76,719
2018-11-12,20,59,299
2018-11-04,5,76,569
2018-11-08,5,55,479
2018-11-01,20,65,293
2018-11-07,20,35,404
2018-11-18,20,73,1000
2018-11-25,5,65,5618
2018-11-10,20,68,1141
2018-11-11,20,61,27
2018-11-13,20,51,12
2018-11-26,20,35,43
2018-11-05,5,68,379
2018-11-20,5,43,285
2018-11-08,20,27,28
2018-11-08,20,76,66
2018-11-21,20,13,31
2018-11-30,20,67,3
2018-11-16,5,35,319
2018-11-24,5,5,619
2018-11-27,5,65,709
2018-11-02,20,5,349
2018-11-16,20,47,75
2018-11-21,20,5,160
2018-11-03,5,13,14
2018-11-12,5,73,1491
2018-11-25,5,1,226
2018-11-04,20,69,36
2018-11-15,20,27,4
2018-11-09,5,63,1648
2018-11-10,5,9,186
2018-11-12,5,4,55
2018-11-22,5,61,31
2018-11-24,5,51,123
2018-11-26,5,68,314
2018-11-02,20,51,204
2018-11-08,20,31,17
2018-11-09,20,75,647
2018-11-12,5,27,14
2018-11-14,5,17,281
2018-11-15,5,61,138
2018-11-25,5,47,262
2018-11-02,20,74,1384
2018-11-15,20,73,900
2018-11-25,20,59,198
2018-11-04,5,59,539
2018-11-10,5,55,226
2018-11-23,5,59,1222
2018-11-28,5,17,430
2018-11-29,5,55,250
2018-11-10,20,73,930
2018-11-20,20,59,260
2018-11-07,5,23,232
2018-11-08,5,61,228
2018-11-08,5,67,818
2018-11-14,5,63,647
2018-11-30,5,76,700
2018-11-01,20,76,132
2018-11-20,20,76,54
2018-11-23,20,17,172
2018-11-23,5,13,39
2018-11-28,5,63,119
2018-11-29,5,9,88
2018-11-10,20,27,17
2018-11-16,20,1,351
2018-11-19,20,61,7
2018-11-21,20,51,208
2018-11-07,5,69,529
2018-11-11,5,75,1175
2018-11-12,5,21,567
2018-11-13,5,65,2051
2018-11-10,20,4,24
2018-11-14,20,35,308
2018-11-17,20,43,116
2018-11-21,20,74,1218
2018-11-23,20,63,241
2018-11-30,5,13,207
2018-11-02,5,47,1667
2018-11-04,5,51,1329
2018-11-12,5,67,704
2018-11-18,5,23,924
2018-11-26,5,39,111
2018-11-26,5,76,738
2018-11-03,20,31,300
2018-11-04,20,63,342
2018-11-11,20,47,66
2018-11-17,5,39,386
2018-11-02,5,1,963
2018-11-04,5,5,34
2018-11-06,5,31,507
2018-11-07,5,75,530
2018-11-08,5,21,230
2018-11-11,5,69,73
2018-11-16,5,43,288
2018-11-30,5,61,660
2018-11-04,20,17,115
2018-11-05,20,61,20
2018-11-29,20,4,77
2018-11-09,5,23,1110
2018-11-09,5,17,642
2018-11-18,5,31,255
2018-11-19,5,74,1601
2018-11-28,5,23,315
2018-11-11,20,39,69
2018-11-08,5,73,856
2018-11-05,20,21,1114
2018-11-14,20,75,179
2018-11-23,20,23,428
2018-11-12,20,31,25
2018-11-14,20,21,114
2018-11-05,5,43,1039
2018-11-08,5,27,147
2018-11-04,20,23,484
2018-11-05,20,67,71
2018-11-18,20,1,14
2018-11-25,20,65,128
2018-11-02,5,76,968
2018-11-07,5,9,77
2018-11-24,5,17,559
2018-11-08,20,65,281
2018-11-12,20,74,446
2018-11-30,20,31,90
2018-11-02,5,4,420
2018-11-03,5,1,1419
2018-11-10,5,69,326
2018-11-20,5,9,358
2018-11-22,5,47,17
2018-11-29,5,69,652
2018-11-09,20,61,105
2018-11-21,20,65,179
2018-11-27,20,17,15
2018-11-02,5,27,57
2018-11-03,5,73,795
2018-11-05,5,63,29
2018-11-12,5,13,16
2018-11-16,5,69,1193
2018-11-24,20,75,20
2018-11-01,5,55,274
2018-11-10,20,59,892
2018-11-04,5,65,1277
2018-11-15,5,1,889
2018-11-18,5,43,1251
2018-11-21,5,73,226
2018-11-22,5,21,321
2018-11-06,20,75,206
2018-11-06,20,69,116
2018-11-11,20,27,80
2018-11-25,20,5,34
2018-11-28,20,35,196
2018-11-17,5,65,5464
2018-11-03,5,67,350
2018-11-13,5,39,20
2018-11-16,5,75,1740
2018-11-05,20,4,14
2018-11-11,20,76,460
2018-11-18,5,63,338
2018-11-21,5,1,29
2018-11-23,5,39,222
2018-11-02,20,68,1090
2018-11-03,20,65,526
2018-11-05,20,55,76
2018-11-24,20,9,23
2018-11-30,20,5,71
2018-11-27,5,59,1085
2018-11-05,20,35,637
2018-11-05,20,47,7
2018-11-12,20,68,334
2018-11-29,20,76,130
2018-11-11,5,35,127
2018-11-15,5,9,272
2018-11-15,5,21,683
2018-11-28,5,43,32
2018-11-14,20,1,46
2018-11-16,20,76,595
2018-11-18,20,35,25
2018-11-06,5,17,321
2018-11-25,5,21,132
2018-11-30,5,47,514
2018-11-07,20,73,290
2018-11-18,20,21,127
2018-11-29,20,27,186
2018-11-30,20,74,1342
2018-11-16,5,55,160
2018-11-26,5,5,210
2018-11-17,20,74,846
2018-11-20,20,73,130
2018-11-28,20,21,202
2018-11-01,5,35,341
2018-11-22,5,27,42
2018-11-26,5,13,36
2018-11-03,20,51,235
2018-11-10,20,67,43
2018-11-13,5,31,145
2018-11-17,5,59,956
2018-11-24,5,68,1104
2018-11-24,5,74,4298
2018-11-12,20,5,26
2018-11-19,20,75,361
2018-11-05,5,69,32
2018-11-08,5,1,1361
2018-11-14,5,74,1411
2018-11-28,5,51,81
2018-11-01,20,13,18
2018-11-30,20,68,410
2018-11-14,5,23,553
2018-11-18,5,51,763
2018-11-23,5,76,635
2018-11-11,20,13,54
2018-11-14,5,43,227
2018-11-25,5,73,439
2018-11-14,20,55,57
2018-11-22,5,35,24
2018-11-08,20,5,14
2018-11-15,20,76,113
2018-11-01,5,69,154
2018-11-04,5,31,131
2018-11-11,5,55,31
2018-11-12,5,1,1337
2018-11-04,20,43,143
2018-11-09,20,1,171
2018-11-11,20,67,50
2018-11-23,20,43,106
2018-11-10,5,35,1095
2018-11-12,5,76,865
2018-11-27,5,39,105
2018-11-10,20,47,175
2018-11-13,20,9,34
2018-11-21,20,31,99
2018-11-02,5,67,878
2018-11-06,5,51,215
2018-11-12,5,47,1775
2018-11-27,5,68,204
2018-11-30,5,4,434
2018-11-12,20,65,84
2018-11-17,20,23,33
2018-11-18,20,61,24
2018-11-27,20,74,161
2018-11-13,5,68,592
2018-11-24,5,31,428
2018-11-30,5,27,130
2018-11-03,20,68,1131
2018-11-16,20,21,886
2018-11-16,20,27,242
2018-11-02,5,21,159
2018-11-25,5,27,62
2018-11-13,20,63,468
2018-11-06,5,74,5127
2018-11-25,5,4,19
2018-11-29,5,35,245
2018-11-16,20,73,435
2018-11-19,20,35,328
2018-11-13,5,5,214
2018-11-08,20,59,50
2018-11-14,20,61,196
2018-11-23,20,74,1254
2018-11-04,5,39,64
2018-11-09,5,31,217
2018-11-10,5,75,2293
2018-11-28,5,31,127
2018-11-29,5,75,885
2018-11-01,20,27,62
2018-11-01,20,39,72
2018-11-09,20,55,153
2018-11-25,20,68,1040
2018-11-28,20,55,83
2018-11-15,5,35,241
2018-11-19,5,31,1606
2018-11-20,5,75,332
2018-11-21,5,21,148
2018-11-15,20,59,20
2018-11-16,20,4,21
2018-11-17,20,63,77
2018-11-02,5,13,58
2018-11-19,5,17,394
2018-11-30,5,73,2058
2018-11-06,20,55,25
2018-11-07,20,13,55
2018-11-16,20,67,101
2018-11-28,20,9,13
2018-11-11,5,9,18
2018-11-17,5,76,620
2018-11-21,5,67,383
2018-11-18,20,55,377
2018-11-07,5,35,113
2018-11-22,5,4,15
2018-11-30,5,21,698
2018-11-03,20,74,2746
2018-11-06,20,9,90
2018-11-30,20,39,234
2018-11-11,5,61,57
2018-11-13,5,51,67
2018-11-18,5,74,3187
2018-11-20,5,69,157
2018-11-10,20,39,123
2018-11-16,20,13,78
2018-11-28,20,1,68
2018-11-01,5,61,296
2018-11-03,5,4,171
2018-11-19,5,23,953
2018-11-21,5,13,96
2018-11-30,5,67,1384
2018-11-02,20,31,105
2018-11-06,20,61,33
2018-11-08,20,51,33
2018-11-29,20,47,9
2018-11-04,5,68,1031
2018-11-05,5,17,33
2018-11-15,5,75,870
2018-11-16,5,23,399
2018-11-21,5,76,221
2018-11-25,5,61,122
2018-11-04,20,9,184
2018-11-14,20,67,2
2018-11-01,5,9,380
2018-11-09,5,74,3047
2018-11-18,5,17,846
2018-11-21,5,4,172
2018-11-27,5,5,176
2018-11-28,5,74,3479
2018-11-02,20,65,817
2018-11-15,20,39,45
2018-11-28,20,61,21
2018-11-09,5,51,118
2018-11-05,20,75,237
2018-11-13,20,69,50
2018-11-23,20,31,127
2018-11-03,5,47,435
2018-11-13,5,59,2797
2018-11-22,5,1,146
2018-11-27,5,76,292
2018-11-01,20,67,77
2018-11-12,20,51,40
2018-11-02,5,73,588
2018-11-20,5,35,239
2018-11-23,5,65,5994
2018-11-01,20,47,24
2018-11-08,20,68,126
2018-11-09,20,35,301
2018-11-19,5,63,323
2018-11-07,20,47,63
2018-11-24,20,55,9
2018-11-30,20,51,33
2018-11-01,5,75,958
2018-11-21,5,27,104
2018-11-22,5,67,297
2018-11-11,20,73,843
2018-11-25,20,51,94
2018-11-26,20,74,878
2018-11-15,5,55,73
2018-11-17,5,68,1522
2018-11-20,5,55,237
2018-11-01,20,73,775
2018-11-08,20,39,81
2018-11-09,20,9,35
2018-11-29,20,59,75
2018-11-05,5,23,49
2018-11-08,5,47,290
2018-11-25,5,67,211
2018-11-30,5,1,736
2018-11-10,20,76,653
2018-11-24,20,35,74
2018-11-09,5,43,208
2018-11-21,5,47,88
2018-11-23,5,73,307
2018-11-11,20,59,550
2018-11-19,5,43,1484
2018-11-26,5,65,326
2018-11-27,5,13,218
2018-11-01,20,4,11
2018-11-05,20,1,62
2018-11-07,20,76,10
2018-11-20,20,13,12
2018-11-28,20,69,134
2018-11-17,5,13,47
2018-11-18,20,69,49
2018-11-21,20,68,269
2018-11-03,5,27,139
2018-11-06,5,63,452
2018-11-17,5,5,277
2018-11-01,20,59,403
2018-11-08,20,74,214
2018-11-19,20,21,71
2018-11-29,20,73,815
2018-11-29,20,67,39
2018-11-16,5,9,147
2018-11-19,5,51,69
2018-11-10,20,13,141
2018-11-03,5,76,516
2018-11-07,5,55,71
2018-11-08,5,4,15
2018-11-26,5,59,34
2018-11-03,20,5,163
2018-11-06,20,35,102
2018-11-25,20,39,116
2018-11-28,20,75,285
2018-11-30,20,65,580
2018-11-09,20,21,1473
2018-11-18,20,75,54
2018-11-23,20,51,68
2018-11-07,5,21,266
2018-11-08,5,65,1095
2018-11-13,5,23,653
2018-11-02,20,76,489
2018-11-04,20,21,213
2018-11-13,20,35,101
2018-11-22,5,59,530
2018-11-27,5,17,433
2018-11-01,20,9,27
2018-11-25,20,13,37
2018-11-28,20,73,621
2018-11-03,20,23,589
2018-11-04,20,67,65
2018-11-10,20,21,257
2018-11-01,5,43,2245
2018-11-03,5,59,777
2018-11-27,5,63,172
2018-11-01,20,55,13
2018-11-11,20,68,413
2018-11-23,20,69,86
2018-11-27,20,75,288
2018-11-06,5,75,1186
2018-11-06,5,69,219
2018-11-11,5,27,29
2018-11-26,5,1,340
2018-11-29,5,61,399
2018-11-03,20,69,277
2018-11-15,20,31,22
2018-11-16,20,68,594
2018-11-05,5,9,177
2018-11-11,5,4,73
2018-11-24,5,55,241
2018-11-29,5,13,146
2018-11-16,20,51,110
2018-11-06,5,23,899
2018-11-07,5,67,860
2018-11-08,5,13,22
2018-11-11,5,73,470
2018-11-26,5,47,201
2018-11-12,20,43,15
2018-11-03,5,65,4492
2018-11-05,5,55,129
2018-11-09,5,59,1380
2018-11-24,5,9,96
2018-11-30,5,5,122
2018-11-17,20,68,264
2018-11-19,20,59,8
2018-11-17,5,73,1297
2018-11-25,5,43,111
2018-11-05,20,59,321
2018-11-14,20,73,66
2018-11-25,20,67,23
2018-11-10,5,63,830
2018-11-22,5,65,2449
2018-11-04,20,75,456
2018-11-20,20,51,8
2018-11-05,5,1,276
2018-11-07,5,73,838
2018-11-10,5,74,4946
2018-11-17,5,27,81
2018-11-28,5,69,334
2018-11-30,5,59,1860
2018-11-05,20,13,2
2018-11-14,20,27,41
2018-11-17,20,51,87
2018-11-24,20,13,6
2018-11-25,20,21,135
2018-11-09,5,65,818
2018-11-21,5,68,577
2018-11-05,20,73,56
2018-11-16,20,5,152
2018-11-26,20,5,119
2018-11-03,5,51,209
2018-11-09,5,76,1123
2018-11-29,5,67,516
2018-11-17,20,5,82
2018-11-23,5,5,57
2018-11-24,5,43,460
2018-11-24,20,73,122
2018-11-24,20,67,52
2018-11-03,5,5,37
2018-11-06,5,35,96
2018-11-29,5,21,745
2018-11-30,5,65,3398
2018-11-30,5,68,790
2018-11-13,20,75,93
2018-11-15,20,65,105
2018-11-26,20,59,6
2018-11-28,20,4,16
2018-11-10,5,17,1094
2018-11-23,5,51,55
2018-11-23,20,75,207
2018-11-24,20,21,11
2018-11-16,5,47,1421
2018-11-17,5,67,615
2018-11-21,5,5,323
2018-11-23,5,68,358
2018-11-06,20,1,71
2018-11-16,20,59,407
2018-11-23,20,9,60
2018-11-25,20,73,179
2018-11-08,5,5,209
2018-11-15,5,27,269
2018-11-15,5,76,567
2018-11-01,20,21,100
2018-11-05,20,76,78
2018-11-25,20,1,22
2018-11-04,20,55,114
2018-11-09,20,63,366
2018-11-11,20,5,68
2018-11-01,5,31,720
2018-11-12,5,39,23
2018-11-25,5,35,206
2018-11-27,5,51,55
2018-11-11,20,31,159
2018-11-13,20,21,102
2018-11-21,20,43,86
2018-11-09,5,5,258
2018-11-11,5,21,493
2018-11-19,5,9,191
2018-11-03,20,63,250
2018-11-10,20,55,41
2018-11-27,20,21,96
2018-11-17,5,47,191
2018-11-23,5,17,125
2018-11-05,20,27,9
2018-11-07,20,65,429
2018-11-12,20,23,13
2018-11-29,20,31,14
2018-11-14,5,9,149
2018-11-18,5,65,3261
2018-11-01,20,1,122
2018-11-04,20,61,302
2018-11-28,20,13,22
2018-11-01,5,74,5273
2018-11-14,5,35,527
2018-11-16,5,73,482
2018-11-18,5,39,255
2018-11-04,20,35,1432
2018-11-06,20,73,353
2018-11-08,20,63,26
2018-11-11,20,74,1163
2018-11-13,5,17,534
2018-11-17,5,61,384
2018-11-23,5,74,1921
2018-11-24,5,23,962
2018-11-02,5,35,155
2018-11-04,5,63,47
2018-11-11,5,47,317
2018-11-28,5,55,62
2018-11-03,20,43,45
2018-11-10,20,75,536
2018-11-18,20,23,75
2018-11-27,20,35,36
2018-11-16,5,4,315
2018-11-18,5,59,1972
2018-11-20,5,1,1221
2018-11-22,5,76,316
2018-11-25,5,9,298
2018-11-16,20,31,137
2018-11-17,20,39,77
2018-11-21,20,69,67
2018-11-24,20,1,38
2018-11-05,5,61,1191
2018-11-07,5,1,1116
2018-11-16,5,67,1475
2018-11-29,5,4,230
2018-11-02,20,13,80
2018-11-04,20,4,2
2018-11-08,20,69,24
2018-11-30,20,23,48
2018-11-15,5,13,29
2018-11-10,20,61,561
2018-11-20,20,65,74
2018-11-06,5,9,4
2018-11-13,5,74,2529
2018-11-17,5,4,69
2018-11-30,5,39,338
2018-11-16,20,39,57
2018-11-29,20,74,1752
2018-11-29,20,68,308
2018-11-14,5,21,195
2018-11-09,20,69,255
2018-11-13,20,1,19
2018-11-21,20,63,98
2018-11-16,5,61,294
2018-11-29,5,47,712
2018-11-17,20,31,49
2018-11-28,20,27,14
2018-11-28,20,76,58
2018-11-30,20,17,77
2018-11-06,20,13,15
2018-11-30,20,43,47
2018-11-18,5,5,152
2018-11-20,5,21,203
2018-11-21,5,65,2154
2018-11-26,5,21,284
2018-11-02,20,4,10
2018-11-11,20,65,276
2018-11-15,20,51,37
2018-11-05,5,75,155
2018-11-09,5,39,148
2018-11-23,5,31,243
2018-11-24,5,75,2589
2018-11-02,20,27,75
2018-11-15,20,74,347
2018-11-12,5,51,639
2018-11-25,5,23,453
2018-11-26,5,67,645
2018-11-12,20,63,13
2018-11-01,5,23,405
2018-11-03,5,39,106
2018-11-08,5,68,557
2018-11-10,5,31,890
2018-11-22,5,39,95
2018-11-28,5,35,110
2018-11-02,20,73,720
2018-11-07,5,47,1238
2018-11-13,5,43,157
2018-11-25,5,75,273
2018-11-10,20,1,95
2018-11-12,20,17,44
2018-11-17,20,65,133
2018-11-11,5,76,850
2018-11-27,5,43,51
2018-11-01,20,75,94
2018-11-02,5,69,199
2018-11-08,5,39,190
2018-11-11,5,1,570
2018-11-26,5,73,24
2018-11-14,20,59,141
2018-11-15,20,5,7
2018-11-18,20,63,105
2018-11-05,5,35,17
2018-11-12,5,68,592
2018-11-24,5,35,451
2018-11-07,20,51,33
2018-11-16,20,65,1453
2018-11-09,5,68,1847
2018-11-20,5,27,47
2018-11-21,5,59,632
2018-11-09,20,43,137
2018-11-14,20,13,5
2018-11-15,5,47,1861
2018-11-18,5,68,400
2018-11-20,5,13,480
2018-11-29,5,27,391
2018-11-27,20,61,35
2018-11-29,20,39,125
2018-11-29,20,51,7
2018-11-06,5,43,669
2018-11-20,5,61,96
2018-11-20,5,73,1118
2018-11-06,20,67,38
2018-11-01,5,17,163
2018-11-02,5,55,139
2018-11-02,5,61,184
2018-11-12,5,59,581
2018-11-29,5,73,348
2018-11-01,20,35,27
2018-11-14,20,76,190
2018-11-28,20,47,13
2018-11-12,5,5,171
2018-11-19,5,69,247
2018-11-19,5,75,1341
2018-11-07,20,59,5
2018-11-17,20,59,161
2018-11-01,5,63,88
2018-11-02,5,9,59
2018-11-27,5,31,124
2018-11-28,5,75,641
2018-11-07,20,5,39
2018-11-15,20,68,148
2018-11-08,5,76,403
2018-11-11,5,13,87
2018-11-18,5,76,496
2018-11-20,5,67,394
2018-11-14,5,55,36
2018-11-15,5,4,348
2018-11-20,20,68,577
2018-11-21,20,17,50
2018-11-08,20,17,12
2018-11-04,5,43,769
2018-11-11,5,67,656
2018-11-22,5,73,149
2018-11-24,5,63,1632
2018-11-02,20,39,150
2018-11-08,20,43,20
2018-11-10,20,9,36
2018-11-23,20,55,53
2018-11-26,20,68,357
2018-11-02,5,75,1178
2018-11-10,5,23,343
2018-11-15,5,73,590
2018-11-10,20,35,131
2018-11-24,20,76,168
2018-11-25,20,47,43
2018-11-12,5,65,489
2018-11-18,5,13,33
2018-11-27,5,74,1450
2018-11-02,20,67,54
2018-11-11,20,51,297
2018-11-25,20,76,255
2018-11-03,5,68,900
2018-11-16,5,27,138
2018-11-16,5,21,441
2018-11-20,5,76,474
2018-11-06,20,21,117
2018-11-06,20,27,63
2018-11-06,20,76,179
2018-11-23,20,35,192
2018-11-13,5,63,679
2018-11-16,5,1,2285
2018-11-17,5,21,392
2018-11-20,5,4,150
2018-11-03,20,17,135
2018-11-06,20,47,51
2018-11-25,20,27,34
2018-11-30,20,77,5956
2018-11-19,5,35,677
2018-11-12,20,69,20
2018-11-27,20,69,26
2018-11-04,5,74,2079
2018-11-08,5,59,460
2018-11-14,5,61,74
2018-11-25,5,55,54
2018-11-26,5,4,131
2018-11-07,20,39,188
2018-11-20,20,74,2315
2018-11-21,20,23,325
2018-11-03,5,31,172
2018-11-07,5,4,112
2018-11-10,5,51,284
2018-11-02,20,47,180
2018-11-02,20,59,348
2018-11-08,20,23,35
2018-11-28,20,67,266
2018-11-07,5,61,155
2018-11-19,5,55,160
2018-11-14,20,39,45
2018-11-19,20,76,3
2018-11-04,5,17,142
2018-11-06,5,55,38
2018-11-17,5,1,687
2018-11-28,5,9,60
2018-11-03,20,9,261
2018-11-29,20,65,819
2018-11-10,5,43,579
2018-11-20,5,47,346
2018-11-09,20,17,124
2018-11-09,20,23,380
2018-11-05,5,21,24
2018-11-14,5,75,629
2018-11-14,5,69,487
2018-11-25,5,63,58
2018-11-25,5,69,945
2018-11-29,5,1,779
2018-11-04,20,1,159
2018-11-13,20,55,8
2018-11-30,20,63,30
2018-11-30,20,69,58
2018-11-21,5,39,95
2018-11-24,5,69,1225
2018-11-04,5,23,179
2018-11-15,5,67,672
2018-11-26,5,61,13
2018-11-01,20,61,57
2018-11-07,20,31,35
2018-11-14,20,47,45
